loss_streak_id,start,end,count,total_loss,worst_trade
143.0,2024-12-11 09:00:00+00:00,2024-12-27 17:00:00+00:00,11,-0.06437164726404919,-0.022663810252297568
156.0,2025-01-13 06:00:00+00:00,2025-01-26 04:00:00+00:00,6,-0.0726131377591444,-0.022011399088032978
249.0,2025-07-08 05:00:00+00:00,2025-07-28 02:00:00+00:00,6,-0.07054891571952017,-0.0169371531645987
121.0,2024-09-19 18:00:00+00:00,2024-09-24 23:00:00+00:00,5,-0.00728801463737351,-0.004212697159237464
132.0,2024-11-12 11:00:00+00:00,2024-11-17 02:00:00+00:00,4,-0.03416278304068753,-0.02420155639905871
255.0,2025-08-02 21:00:00+00:00,2025-08-05 04:00:00+00:00,4,-0.01573226950326291,-0.005459844422955546
269.0,2025-09-02 21:00:00+00:00,2025-09-06 18:00:00+00:00,4,-0.008490144767712128,-0.004988776783564431
71.0,2024-05-31 09:00:00+00:00,2024-06-04 01:00:00+00:00,4,-0.00587803638279913,-0.0036799234003318357
270.0,2025-09-08 22:00:00+00:00,2025-09-13 10:00:00+00:00,4,-0.0031120012195163596,-0.0015678885571768636
16.0,2024-02-18 15:00:00+00:00,2024-02-19 21:00:00+00:00,3,-0.030250889154449775,-0.013261645761487743
1.0,2024-01-01 09:00:00+00:00,2024-01-02 09:00:00+00:00,3,-0.029509568761649375,-0.01399955207271233
307.0,2025-11-20 01:00:00+00:00,2025-11-21 07:00:00+00:00,3,-0.0282431792306684,-0.014598227571787647
29.0,2024-03-17 03:00:00+00:00,2024-03-17 22:00:00+00:00,3,-0.022784919443411402,-0.01864971661339717
125.0,2024-10-03 01:00:00+00:00,2024-10-04 16:00:00+00:00,3,-0.021105078778412473,-0.013240232756094166
171.0,2025-02-27 21:00:00+00:00,2025-03-06 04:00:00+00:00,3,-0.017658054418735716,-0.01023183123331856
302.0,2025-11-15 04:00:00+00:00,2025-11-16 13:00:00+00:00,3,-0.014599872850722326,-0.008839923950559308
72.0,2024-06-06 05:00:00+00:00,2024-06-09 21:00:00+00:00,3,-0.009686314301730933,-0.008646562744463305
288.0,2025-10-14 20:00:00+00:00,2025-10-16 16:00:00+00:00,3,-0.009637733100792774,-0.009025692798271392
88.0,2024-07-29 01:00:00+00:00,2024-07-31 13:00:00+00:00,3,-0.007264529381911139,-0.0037020159623545154
219.0,2025-05-05 12:00:00+00:00,2025-05-06 13:00:00+00:00,3,-0.006955825748509815,-0.0046235365447488234
8.0,2024-01-31 00:00:00+00:00,2024-02-02 01:00:00+00:00,3,-0.005193329404042895,-0.002640006611225165
237.0,2025-06-21 20:00:00+00:00,2025-06-22 13:00:00+00:00,2,-0.04797712275396081,-0.03710591200000003
87.0,2024-07-25 21:00:00+00:00,2024-07-27 13:00:00+00:00,2,-0.04203799235399634,-0.026896251862168773
69.0,2024-05-23 14:00:00+00:00,2024-05-24 04:00:00+00:00,2,-0.03779137916946816,-0.03476103031061845
57.0,2024-05-01 19:00:00+00:00,2024-05-03 02:00:00+00:00,2,-0.03747005259464274,-0.02381996506729051
299.0,2025-11-09 06:00:00+00:00,2025-11-09 23:00:00+00:00,2,-0.036597144472211296,-0.020210551441598584
233.0,2025-06-14 12:00:00+00:00,2025-06-16 07:00:00+00:00,2,-0.03081574426584374,-0.018856963924064853
259.0,2025-08-18 13:00:00+00:00,2025-08-20 16:00:00+00:00,2,-0.030681435079890518,-0.019148648944914404
225.0,2025-05-24 16:00:00+00:00,2025-05-25 08:00:00+00:00,2,-0.02949463514845356,-0.015018904422337628
13.0,2024-02-12 11:00:00+00:00,2024-02-12 20:00:00+00:00,2,-0.0267806778519758,-0.014692388591490992
6.0,2024-01-06 13:00:00+00:00,2024-01-28 05:00:00+00:00,2,-0.025840612994604654,-0.014316966479812614
18.0,2024-02-26 11:00:00+00:00,2024-02-26 20:00:00+00:00,2,-0.025205819701668446,-0.017030059810394196
277.0,2025-09-25 14:00:00+00:00,2025-09-26 06:00:00+00:00,2,-0.02103853444226255,-0.018840104105281058
17.0,2024-02-23 03:00:00+00:00,2024-02-25 20:00:00+00:00,2,-0.020118322755118784,-0.015703371301434784
317.0,2025-12-17 11:00:00+00:00,2025-12-18 05:00:00+00:00,2,-0.019950921356106866,-0.015341004591167485
212.0,2025-05-01 05:00:00+00:00,2025-05-01 15:00:00+00:00,2,-0.019602563805179635,-0.015360257201175825
287.0,2025-10-12 20:00:00+00:00,2025-10-14 04:00:00+00:00,2,-0.018755571009860576,-0.018546277671690113
313.0,2025-12-05 09:00:00+00:00,2025-12-07 13:00:00+00:00,2,-0.01386643405486036,-0.012187902357745525
43.0,2024-04-15 19:00:00+00:00,2024-04-17 15:00:00+00:00,2,-0.013565432739094278,-0.011794278183538696
320.0,2025-12-23 03:00:00+00:00,2025-12-23 13:00:00+00:00,2,-0.010030596105528682,-0.005662924612771197
92.0,2024-08-10 09:00:00+00:00,2024-08-10 18:00:00+00:00,2,-0.007612868755014674,-0.005059476254727213
114.0,2024-09-05 14:00:00+00:00,2024-09-06 05:00:00+00:00,2,-0.007580348533492268,-0.005384757911159203
151.0,2025-01-10 20:00:00+00:00,2025-01-11 04:00:00+00:00,2,-0.007339844786030111,-0.0048140791569661
186.0,2025-03-25 14:00:00+00:00,2025-03-25 23:00:00+00:00,2,-0.007012111860826551,-0.00403943936185077
309.0,2025-11-28 17:00:00+00:00,2025-11-29 08:00:00+00:00,2,-0.006497241604282997,-0.006032935169683871
40.0,2024-04-06 03:00:00+00:00,2024-04-07 01:00:00+00:00,2,-0.006322781014868203,-0.003260048841074451
126.0,2024-10-06 20:00:00+00:00,2024-10-08 04:00:00+00:00,2,-0.0037371849509513634,-0.0032978889727600684
228.0,2025-06-04 04:00:00+00:00,2025-06-05 12:00:00+00:00,2,-0.0034851059767628777,-0.002849779205369701
65.0,2024-05-15 06:00:00+00:00,2024-05-16 18:00:00+00:00,2,-0.0033103975270091603,-0.0030492590802045096
25.0,2024-03-12 07:00:00+00:00,2024-03-12 21:00:00+00:00,2,-0.002456083568634828,-0.0018647023117001277
51.0,2024-04-24 21:00:00+00:00,2024-04-26 09:00:00+00:00,2,-0.002196547163392429,-0.0011123729813004675
322.0,2025-12-25 01:00:00+00:00,2025-12-25 13:00:00+00:00,2,-0.001977022235239311,-0.001746770450196133
227.0,2025-05-31 16:00:00+00:00,2025-06-02 00:00:00+00:00,2,-0.0017002495589204687,-0.0011976550586231592
204.0,2025-04-24 17:00:00+00:00,2025-04-26 10:00:00+00:00,2,-0.0016324519252200592,-0.0011764604125462483
202.0,2025-04-19 06:00:00+00:00,2025-04-20 15:00:00+00:00,2,-0.0015277752076403195,-0.0013400116529443732
42.0,2024-04-11 18:00:00+00:00,2024-04-13 03:00:00+00:00,2,-0.0011952781583511535,-0.0008317342432757999
177.0,2025-03-15 05:00:00+00:00,2025-03-15 14:00:00+00:00,2,-0.0008224342842085737,-0.0007504197746183285
158.0,2025-01-30 04:00:00+00:00,2025-01-31 11:00:00+00:00,1,-0.02992279224608946,-0.02992279224608946
103.0,2024-08-27 21:00:00+00:00,2024-08-29 12:00:00+00:00,1,-0.02961025774634373,-0.02961025774634373
264.0,2025-08-26 10:00:00+00:00,2025-08-26 15:00:00+00:00,1,-0.024002026308489147,-0.024002026308489147
173.0,2025-03-10 15:00:00+00:00,2025-03-10 19:00:00+00:00,1,-0.02321716500000002,-0.02321716500000002
73.0,2024-06-19 01:00:00+00:00,2024-06-20 07:00:00+00:00,1,-0.022673652873015197,-0.022673652873015197
258.0,2025-08-16 11:00:00+00:00,2025-08-17 08:00:00+00:00,1,-0.021803339229895247,-0.021803339229895247
208.0,2025-04-29 04:00:00+00:00,2025-04-29 10:00:00+00:00,1,-0.021618982040178373,-0.021618982040178373
190.0,2025-04-02 16:00:00+00:00,2025-04-02 20:00:00+00:00,1,-0.021543721620888814,-0.021543721620888814
189.0,2025-04-01 08:00:00+00:00,2025-04-01 15:00:00+00:00,1,-0.018733947953066855,-0.018733947953066855
31.0,2024-03-18 17:00:00+00:00,2024-03-19 01:00:00+00:00,1,-0.018477978411989646,-0.018477978411989646
115.0,2024-09-06 15:00:00+00:00,2024-09-06 19:00:00+00:00,1,-0.017550381611213466,-0.017550381611213466
136.0,2024-11-25 07:00:00+00:00,2024-11-25 11:00:00+00:00,1,-0.01744529442249664,-0.01744529442249664
169.0,2025-02-17 16:00:00+00:00,2025-02-18 17:00:00+00:00,1,-0.01711497246114455,-0.01711497246114455
98.0,2024-08-14 14:00:00+00:00,2024-08-15 18:00:00+00:00,1,-0.0168212291504067,-0.0168212291504067
37.0,2024-04-04 09:00:00+00:00,2024-04-04 17:00:00+00:00,1,-0.01676058434170885,-0.01676058434170885
117.0,2024-09-08 18:00:00+00:00,2024-09-08 22:00:00+00:00,1,-0.016718632128647694,-0.016718632128647694
205.0,2025-04-28 04:00:00+00:00,2025-04-28 10:00:00+00:00,1,-0.016451097350948796,-0.016451097350948796
3.0,2024-01-04 13:00:00+00:00,2024-01-04 17:00:00+00:00,1,-0.01581257579837642,-0.01581257579837642
139.0,2024-12-03 04:00:00+00:00,2024-12-03 14:00:00+00:00,1,-0.01562678155016614,-0.01562678155016614
200.0,2025-04-15 14:00:00+00:00,2025-04-16 17:00:00+00:00,1,-0.014892230492173813,-0.014892230492173813
14.0,2024-02-14 07:00:00+00:00,2024-02-14 11:00:00+00:00,1,-0.014377850028613127,-0.014377850028613127
123.0,2024-09-30 01:00:00+00:00,2024-10-01 06:00:00+00:00,1,-0.014092692639632764,-0.014092692639632764
75.0,2024-06-26 18:00:00+00:00,2024-06-27 12:00:00+00:00,1,-0.014050219876592553,-0.014050219876592553
262.0,2025-08-24 13:00:00+00:00,2025-08-24 17:00:00+00:00,1,-0.01377936205134164,-0.01377936205134164
213.0,2025-05-02 11:00:00+00:00,2025-05-02 16:00:00+00:00,1,-0.013601773369979787,-0.013601773369979787
268.0,2025-09-01 23:00:00+00:00,2025-09-02 13:00:00+00:00,1,-0.012845427967540003,-0.012845427967540003
145.0,2025-01-08 01:00:00+00:00,2025-01-08 06:00:00+00:00,1,-0.012827487595211594,-0.012827487595211594
194.0,2025-04-05 19:00:00+00:00,2025-04-05 23:00:00+00:00,1,-0.012650710199682304,-0.012650710199682304
185.0,2025-03-25 00:00:00+00:00,2025-03-25 04:00:00+00:00,1,-0.011003087081145634,-0.011003087081145634
293.0,2025-10-26 09:00:00+00:00,2025-10-26 13:00:00+00:00,1,-0.010943088361204669,-0.010943088361204669
12.0,2024-02-11 01:00:00+00:00,2024-02-11 08:00:00+00:00,1,-0.010485737523324568,-0.010485737523324568
167.0,2025-02-15 10:00:00+00:00,2025-02-15 14:00:00+00:00,1,-0.010093292200601144,-0.010093292200601144
170.0,2025-02-21 16:00:00+00:00,2025-02-21 20:00:00+00:00,1,-0.009795711873001472,-0.009795711873001472
197.0,2025-04-12 21:00:00+00:00,2025-04-13 10:00:00+00:00,1,-0.009773157820863214,-0.009773157820863214
50.0,2024-04-22 20:00:00+00:00,2024-04-23 00:00:00+00:00,1,-0.008104838362715444,-0.008104838362715444
222.0,2025-05-16 21:00:00+00:00,2025-05-17 01:00:00+00:00,1,-0.007542559046676429,-0.007542559046676429
78.0,2024-07-12 05:00:00+00:00,2024-07-12 09:00:00+00:00,1,-0.007301200218107574,-0.007301200218107574
266.0,2025-08-29 17:00:00+00:00,2025-08-29 21:00:00+00:00,1,-0.007188779501011613,-0.007188779501011613
74.0,2024-06-25 10:00:00+00:00,2024-06-25 14:00:00+00:00,1,-0.0070649341294662625,-0.0070649341294662625
32.0,2024-03-26 15:00:00+00:00,2024-03-27 18:00:00+00:00,1,-0.0069847245925631725,-0.0069847245925631725
41.0,2024-04-09 10:00:00+00:00,2024-04-09 14:00:00+00:00,1,-0.0068871377891519085,-0.0068871377891519085
192.0,2025-04-04 18:00:00+00:00,2025-04-04 22:00:00+00:00,1,-0.006822449128792609,-0.006822449128792609
81.0,2024-07-19 03:00:00+00:00,2024-07-19 07:00:00+00:00,1,-0.006230099080941875,-0.006230099080941875
238.0,2025-06-25 09:00:00+00:00,2025-06-25 13:00:00+00:00,1,-0.005971511343342808,-0.005971511343342808
235.0,2025-06-20 21:00:00+00:00,2025-06-21 01:00:00+00:00,1,-0.005952223170305701,-0.005952223170305701
188.0,2025-03-30 11:00:00+00:00,2025-03-30 19:00:00+00:00,1,-0.005923744721510068,-0.005923744721510068
159.0,2025-02-06 20:00:00+00:00,2025-02-07 06:00:00+00:00,1,-0.005595064907706866,-0.005595064907706866
191.0,2025-04-03 01:00:00+00:00,2025-04-03 23:00:00+00:00,1,-0.005062396387581608,-0.005062396387581608
135.0,2024-11-24 13:00:00+00:00,2024-11-24 17:00:00+00:00,1,-0.004988071725411467,-0.004988071725411467
23.0,2024-03-02 06:00:00+00:00,2024-03-02 13:00:00+00:00,1,-0.004954367737979298,-0.004954367737979298
220.0,2025-05-11 09:00:00+00:00,2025-05-11 13:00:00+00:00,1,-0.004919138675098977,-0.004919138675098977
301.0,2025-11-14 04:00:00+00:00,2025-11-14 20:00:00+00:00,1,-0.004757346043267372,-0.004757346043267372
86.0,2024-07-25 08:00:00+00:00,2024-07-25 12:00:00+00:00,1,-0.004686811401146873,-0.004686811401146873
80.0,2024-07-17 16:00:00+00:00,2024-07-17 20:00:00+00:00,1,-0.004569279880475054,-0.004569279880475054
232.0,2025-06-11 06:00:00+00:00,2025-06-11 10:00:00+00:00,1,-0.004379131051579465,-0.004379131051579465
54.0,2024-04-28 09:00:00+00:00,2024-04-28 15:00:00+00:00,1,-0.004056711922832736,-0.004056711922832736
281.0,2025-09-30 21:00:00+00:00,2025-10-01 06:00:00+00:00,1,-0.003775101667184636,-0.003775101667184636
5.0,2024-01-05 14:00:00+00:00,2024-01-05 18:00:00+00:00,1,-0.0036708600170656594,-0.0036708600170656594
260.0,2025-08-21 21:00:00+00:00,2025-08-22 01:00:00+00:00,1,-0.0036300541430036677,-0.0036300541430036677
67.0,2024-05-19 00:00:00+00:00,2024-05-19 04:00:00+00:00,1,-0.0035827249357326526,-0.0035827249357326526
26.0,2024-03-13 21:00:00+00:00,2024-03-14 01:00:00+00:00,1,-0.0034818959661083427,-0.0034818959661083427
83.0,2024-07-20 10:00:00+00:00,2024-07-20 14:00:00+00:00,1,-0.003152786133002951,-0.003152786133002951
226.0,2025-05-29 08:00:00+00:00,2025-05-29 12:00:00+00:00,1,-0.0030760169292264436,-0.0030760169292264436
304.0,2025-11-17 20:00:00+00:00,2025-11-18 06:00:00+00:00,1,-0.0030548526541269013,-0.0030548526541269013
61.0,2024-05-09 10:00:00+00:00,2024-05-09 14:00:00+00:00,1,-0.003042840193220969,-0.003042840193220969
248.0,2025-07-07 02:00:00+00:00,2025-07-07 06:00:00+00:00,1,-0.002833574581924147,-0.002833574581924147
184.0,2025-03-23 15:00:00+00:00,2025-03-24 00:00:00+00:00,1,-0.0028227536064021233,-0.0028227536064021233
68.0,2024-05-20 08:00:00+00:00,2024-05-20 12:00:00+00:00,1,-0.0028053991216739566,-0.0028053991216739566
308.0,2025-11-24 07:00:00+00:00,2025-11-24 11:00:00+00:00,1,-0.002728720330346738,-0.002728720330346738
96.0,2024-08-13 04:00:00+00:00,2024-08-13 12:00:00+00:00,1,-0.002537337236450678,-0.002537337236450678
97.0,2024-08-13 19:00:00+00:00,2024-08-13 23:00:00+00:00,1,-0.0023899308899441246,-0.0023899308899441246
99.0,2024-08-18 22:00:00+00:00,2024-08-19 06:00:00+00:00,1,-0.0023257271266540723,-0.0023257271266540723
10.0,2024-02-05 16:00:00+00:00,2024-02-05 20:00:00+00:00,1,-0.0021367628710912906,-0.0021367628710912906
141.0,2024-12-07 09:00:00+00:00,2024-12-08 01:00:00+00:00,1,-0.002095880478090849,-0.002095880478090849
70.0,2024-05-29 01:00:00+00:00,2024-05-29 05:00:00+00:00,1,-0.0018421027731276127,-0.0018421027731276127
100.0,2024-08-21 19:00:00+00:00,2024-08-21 23:00:00+00:00,1,-0.0018273101046877125,-0.0018273101046877125
118.0,2024-09-11 07:00:00+00:00,2024-09-11 11:00:00+00:00,1,-0.0018221952872561598,-0.0018221952872561598
257.0,2025-08-14 13:00:00+00:00,2025-08-15 01:00:00+00:00,1,-0.0016964781707306193,-0.0016964781707306193
285.0,2025-10-08 07:00:00+00:00,2025-10-08 11:00:00+00:00,1,-0.0016871560244156073,-0.0016871560244156073
11.0,2024-02-06 21:00:00+00:00,2024-02-07 01:00:00+00:00,1,-0.001643905583246841,-0.001643905583246841
310.0,2025-12-01 00:00:00+00:00,2025-12-01 04:00:00+00:00,1,-0.0015846462914752943,-0.0015846462914752943
284.0,2025-10-05 23:00:00+00:00,2025-10-06 03:00:00+00:00,1,-0.0015801708138349396,-0.0015801708138349396
120.0,2024-09-17 19:00:00+00:00,2024-09-17 23:00:00+00:00,1,-0.0015659708847251094,-0.0015659708847251094
221.0,2025-05-14 10:00:00+00:00,2025-05-14 14:00:00+00:00,1,-0.0015485601862200269,-0.0015485601862200269
33.0,2024-03-29 22:00:00+00:00,2024-03-30 02:00:00+00:00,1,-0.0015033933038766417,-0.0015033933038766417
133.0,2024-11-19 06:00:00+00:00,2024-11-19 10:00:00+00:00,1,-0.0012330214460206127,-0.0012330214460206127
24.0,2024-03-10 14:00:00+00:00,2024-03-10 18:00:00+00:00,1,-0.0011798677122490419,-0.0011798677122490419
144.0,2024-12-31 18:00:00+00:00,2025-01-01 22:00:00+00:00,1,-0.0010604815046275987,-0.0010604815046275987
239.0,2025-06-26 17:00:00+00:00,2025-06-26 21:00:00+00:00,1,-0.0010402309587183964,-0.0010402309587183964
180.0,2025-03-19 20:00:00+00:00,2025-03-20 00:00:00+00:00,1,-0.0010086998751776325,-0.0010086998751776325
201.0,2025-04-18 22:00:00+00:00,2025-04-19 02:00:00+00:00,1,-0.0009682497286432762,-0.0009682497286432762
127.0,2024-10-10 08:00:00+00:00,2024-10-10 12:00:00+00:00,1,-0.0009053036219652641,-0.0009053036219652641
306.0,2025-11-19 07:00:00+00:00,2025-11-19 11:00:00+00:00,1,-0.0007574629547587331,-0.0007574629547587331
315.0,2025-12-12 20:00:00+00:00,2025-12-13 00:00:00+00:00,1,-0.0007523351312030084,-0.0007523351312030084
119.0,2024-09-15 10:00:00+00:00,2024-09-15 14:00:00+00:00,1,-0.0005513726556693852,-0.0005513726556693852
35.0,2024-04-03 19:00:00+00:00,2024-04-03 23:00:00+00:00,1,-0.0005144146209059021,-0.0005144146209059021
55.0,2024-04-29 03:00:00+00:00,2024-04-30 03:00:00+00:00,1,-0.0004136484792662048,-0.0004136484792662048
289.0,2025-10-21 05:00:00+00:00,2025-10-21 09:00:00+00:00,1,-0.00030351000758663585,-0.00030351000758663585
102.0,2024-08-25 14:00:00+00:00,2024-08-25 18:00:00+00:00,1,-0.00025400447331285267,-0.00025400447331285267
2.0,2024-01-03 13:00:00+00:00,2024-01-03 21:00:00+00:00,1,-0.00019027082799447025,-0.00019027082799447025
323.0,2025-12-27 08:00:00+00:00,2025-12-27 12:00:00+00:00,1,-0.00017609703785288446,-0.00017609703785288446
282.0,2025-10-02 02:00:00+00:00,2025-10-02 09:00:00+00:00,1,-6.730749215276182e-05,-6.730749215276182e-05
58.0,2024-05-04 11:00:00+00:00,2024-05-04 15:00:00+00:00,1,-1.6869048379869152e-05,-1.6869048379869152e-05
